date;description;amount;direction
2026-09-01;Стипендия;+6000.00;income
2026-09-02;Общежитие;-3500.00;expense
2026-09-03;Супермаркет;-1250.50;expense
2026-09-05;Кофейня;-320.00;expense
2026-09-07;Проездной;-850.00;expense
2026-09-10;Подработка дизайн;+18000.00;income
2026-09-12;Супермаркет;-1840.00;expense
2026-09-15;Музыка подписка;-299.00;expense
2026-09-18;Кафе;-680.00;expense
2026-09-20;Подработка смена;+7500.00;income
2026-09-22;Перевод другу;-1500.00;expense
2026-09-24;Супермаркет;-960.50;expense
2026-09-25;Возврат или покупка;450.00;unknown
